{"assets/fonts/Poppins-Bold.ttf":["assets/fonts/Poppins-Bold.ttf"],"assets/fonts/Poppins-Light.ttf":["assets/fonts/Poppins-Light.ttf"],"assets/fonts/Poppins-Regular.ttf":["assets/fonts/Poppins-Regular.ttf"],"assets/fonts/Poppins-Thin.ttf":["assets/fonts/Poppins-Thin.ttf"],"assets/images/background_mobile.png":["assets/images/background_mobile.png"],"assets/images/background_web.png":["assets/images/background_web.png"],"assets/images/weather/Clear.png":["assets/images/weather/Clear.png"],"assets/images/weather/Cloudy.png":["assets/images/weather/Cloudy.png"],"assets/images/weather/Rainy.png":["assets/images/weather/Rainy.png"],"assets/images/weather/Sunny.png":["assets/images/weather/Sunny.png"],"assets/images/weather/Thunderstorm.png":["assets/images/weather/Thunderstorm.png"],"assets/images/weather/Windy.png":["assets/images/weather/Windy.png"],"packages/cupertino_icons/assets/CupertinoIcons.ttf":["packages/cupertino_icons/assets/CupertinoIcons.ttf"]}