{"assets/fonts/Poppins-Black.ttf":["assets/fonts/Poppins-Black.ttf"],"assets/fonts/Poppins-BlackItalic.ttf":["assets/fonts/Poppins-BlackItalic.ttf"],"assets/fonts/Poppins-Bold.ttf":["assets/fonts/Poppins-Bold.ttf"],"assets/fonts/Poppins-BoldItalic.ttf":["assets/fonts/Poppins-BoldItalic.ttf"],"assets/fonts/Poppins-ExtraBold.ttf":["assets/fonts/Poppins-ExtraBold.ttf"],"assets/fonts/Poppins-ExtraBoldItalic.ttf":["assets/fonts/Poppins-ExtraBoldItalic.ttf"],"assets/fonts/Poppins-ExtraLight.ttf":["assets/fonts/Poppins-ExtraLight.ttf"],"assets/fonts/Poppins-ExtraLightItalic.ttf":["assets/fonts/Poppins-ExtraLightItalic.ttf"],"assets/fonts/Poppins-Italic.ttf":["assets/fonts/Poppins-Italic.ttf"],"assets/fonts/Poppins-Light.ttf":["assets/fonts/Poppins-Light.ttf"],"assets/fonts/Poppins-LightItalic.ttf":["assets/fonts/Poppins-LightItalic.ttf"],"assets/fonts/Poppins-Medium.ttf":["assets/fonts/Poppins-Medium.ttf"],"assets/fonts/Poppins-MediumItalic.ttf":["assets/fonts/Poppins-MediumItalic.ttf"],"assets/fonts/Poppins-Regular.ttf":["assets/fonts/Poppins-Regular.ttf"],"assets/fonts/Poppins-SemiBold.ttf":["assets/fonts/Poppins-SemiBold.ttf"],"assets/fonts/Poppins-SemiBoldItalic.ttf":["assets/fonts/Poppins-SemiBoldItalic.ttf"],"assets/fonts/Poppins-Thin.ttf":["assets/fonts/Poppins-Thin.ttf"],"assets/fonts/Poppins-ThinItalic.ttf":["assets/fonts/Poppins-ThinItalic.ttf"],"assets/images/background_mobile.png":["assets/images/background_mobile.png"],"assets/images/background_web.png":["assets/images/background_web.png"],"assets/images/weather/Clear.png":["assets/images/weather/Clear.png"],"assets/images/weather/Cloudy.png":["assets/images/weather/Cloudy.png"],"assets/images/weather/Rainy.png":["assets/images/weather/Rainy.png"],"assets/images/weather/Sunny.png":["assets/images/weather/Sunny.png"],"assets/images/weather/Thunderstorm.png":["assets/images/weather/Thunderstorm.png"],"assets/images/weather/Windy.png":["assets/images/weather/Windy.png"],"packages/cupertino_icons/assets/CupertinoIcons.ttf":["packages/cupertino_icons/assets/CupertinoIcons.ttf"]}