[{"family":"MaterialIcons","fonts":[{"asset":"fonts/MaterialIcons-Regular.otf"}]},{"family":"PoppinsBold","fonts":[{"asset":"assets/fonts/Poppins-Bold.ttf"}]},{"family":"PoppinsLight","fonts":[{"asset":"assets/fonts/Poppins-Light.ttf"}]},{"family":"PoppinsRegular","fonts":[{"asset":"assets/fonts/Poppins-Regular.ttf"}]},{"family":"PoppinsThin","fonts":[{"asset":"assets/fonts/Poppins-Thin.ttf"}]},{"family":"packages/cupertino_icons/CupertinoIcons","fonts":[{"asset":"packages/cupertino_icons/assets/CupertinoIcons.ttf"}]}]